StartDate,EndDate,Status,IPAddress,Progress,Duration (in seconds),Finished,RecordedDate,ResponseId,RecipientLastName,RecipientFirstName,RecipientEmail,ExternalReference,LocationLatitude,LocationLongitude,DistributionChannel,UserLanguage,Q42,Q45,Q3,Q37,Q38,Q25#1_2,Q25#1_3,Q25#1_33,Q25#1_37,Q25#1_6,Q25#1_7,Q25#2_2,Q25#2_3,Q25#2_33,Q25#2_37,Q25#2_6,Q25#2_7,Q25#3_2,Q25#3_3,Q25#3_33,Q25#3_37,Q25#3_6,Q25#3_7,Q25#4_2,Q25#4_3,Q25#4_33,Q25#4_37,Q25#4_6,Q25#4_7,Q25#5_2,Q25#5_3,Q25#5_33,Q25#5_37,Q25#5_6,Q25#5_7,Q34#1_2,Q34#1_3,Q34#1_33,Q34#1_37,Q34#1_6,Q34#1_7,Q36,Q36_3_TEXT,Q30,Q31,Q39,Q17,Q18,Q9,Q32,Q47,Q31,Q33,Q48,Q34,Q35,Q49,Q19,Q20,Q37,Q38,Q39,Q40,Q44,Q41,Q42,Q43,Q43,MTurkCode
Start Date,End Date,Response Type,IP Address,Progress,Duration (in seconds),Finished,Recorded Date,Response ID,Recipient Last Name,Recipient First Name,Recipient Email,External Data Reference,Location Latitude,Location Longitude,Distribution Channel,User Language,"Let's get started! Which of the following appliances do you have in your home (primary residence)? You can select multiple appliances, including those you own or rent, and also those that belong to your landlord or someone else.","Between 2007 and now, have you or someone in your household purchased any of the following appliances? Please select appliances you purchased even if you do not own them anymore. You can select multiple appliances, so please select all that apply.","You just told us that you, or someone in your household, bought the appliance(s) below. For which appliance(s) do you recall applying for a rebate? If you bought more than one of an appliance, please consider the most recent purchase. Please select all that apply.","Before taking this survey, were you aware of the rebate programs offered by electric and gas utilities?","Do you think there were times when you were eligible for an appliance rebate, but did not apply? If so, what were the reasons?",Please tell us a bit more about these rebates: - How long ago did you apply? - Refrigerator,Please tell us a bit more about these rebates: - How long ago did you apply? - Window Air Conditioner,Please tell us a bit more about these rebates: - How long ago did you apply? - Clothes Dryer,Please tell us a bit more about these rebates: - How long ago did you apply? - Clothes Washer,Please tell us a bit more about these rebates: - How long ago did you apply? - Water Heater,Please tell us a bit more about these rebates: - How long ago did you apply? - Pool pump/ motor,Please tell us a bit more about these rebates: - Did you already have another working appliance of this type in your home? - Refrigerator,Please tell us a bit more about these rebates: - Did you already have another working appliance of this type in your home? - Window Air Conditioner,Please tell us a bit more about these rebates: - Did you already have another working appliance of this type in your home? - Clothes Dryer,Please tell us a bit more about these rebates: - Did you already have another working appliance of this type in your home? - Clothes Washer,Please tell us a bit more about these rebates: - Did you already have another working appliance of this type in your home? - Water Heater,Please tell us a bit more about these rebates: - Did you already have another working appliance of this type in your home? - Pool pump/ motor,Please tell us a bit more about these rebates: - What was the rebate amount? - Refrigerator,Please tell us a bit more about these rebates: - What was the rebate amount? - Window Air Conditioner,Please tell us a bit more about these rebates: - What was the rebate amount? - Clothes Dryer,Please tell us a bit more about these rebates: - What was the rebate amount? - Clothes Washer,Please tell us a bit more about these rebates: - What was the rebate amount? - Water Heater,Please tell us a bit more about these rebates: - What was the rebate amount? - Pool pump/ motor,Please tell us a bit more about these rebates: - How long after purchase did you apply for the rebate? - Refrigerator,Please tell us a bit more about these rebates: - How long after purchase did you apply for the rebate? - Window Air Conditioner,Please tell us a bit more about these rebates: - How long after purchase did you apply for the rebate? - Clothes Dryer,Please tell us a bit more about these rebates: - How long after purchase did you apply for the rebate? - Clothes Washer,Please tell us a bit more about these rebates: - How long after purchase did you apply for the rebate? - Water Heater,Please tell us a bit more about these rebates: - How long after purchase did you apply for the rebate? - Pool pump/ motor,Please tell us a bit more about these rebates: - Did you receive the rebate payment? - Refrigerator,Please tell us a bit more about these rebates: - Did you receive the rebate payment? - Window Air Conditioner,Please tell us a bit more about these rebates: - Did you receive the rebate payment? - Clothes Dryer,Please tell us a bit more about these rebates: - Did you receive the rebate payment? - Clothes Washer,Please tell us a bit more about these rebates: - Did you receive the rebate payment? - Water Heater,Please tell us a bit more about these rebates: - Did you receive the rebate payment? - Pool pump/ motor,What did you do with your old working appliance? - Q34#1 - Refrigerator,What did you do with your old working appliance? - Q34#1 - Window Air Conditioner,What did you do with your old working appliance? - Q34#1 - Clothes Dryer,What did you do with your old working appliance? - Q34#1 - Clothes Washer,What did you do with your old working appliance? - Q34#1 - Water Heater,What did you do with your old working appliance? - Q34#1 - Pool pump/ motor,Do you own or rent your home? - Selected Choice,Do you own or rent your home? - Other - Text,Have you moved residences since 2007?,When did you move to your current residence?,Are the major appliances in your home (the appliances we asked about in this survey) mostly newer or older?,Please specify your electric utility:,Please specify your utility:,Please specify any energy efficiency utility program(s) that you are currently enrolled in:,Please specify the program(s):,How long ago did you first enroll in CARE?,Please specify any energy efficiency utility program(s) that you are currently enrolled in:,Please specify the program(s):,How long ago did you first enroll in CARE?,Please specify any energy efficiency utility program(s) that you are currently enrolled in:,Please specify the program(s):,How long ago did you first enroll in CARE?,Who is responsible for the electricity bill payment for your household?,Please specify:,What is your age?,Please select your gender:,Please specify your race or ethnicity:,What is your annual household income?,What is your highest level of education attained?,What is your household size?,Please provide your zip code:,Is there anything else you would like to tell us?,Please enter your MTurk ID:,MTurkCode
"{""ImportId"":""startDate"",""timeZone"":""America/Denver""}","{""ImportId"":""endDate"",""timeZone"":""America/Denver""}","{""ImportId"":""status""}","{""ImportId"":""ipAddress""}","{""ImportId"":""progress""}","{""ImportId"":""duration""}","{""ImportId"":""finished""}","{""ImportId"":""recordedDate"",""timeZone"":""America/Denver""}","{""ImportId"":""_recordId""}","{""ImportId"":""recipientLastName""}","{""ImportId"":""recipientFirstName""}","{""ImportId"":""recipientEmail""}","{""ImportId"":""externalDataReference""}","{""ImportId"":""locationLatitude""}","{""ImportId"":""locationLongitude""}","{""ImportId"":""distributionChannel""}","{""ImportId"":""userLanguage""}","{""ImportId"":""QID63""}","{""ImportId"":""QID45""}","{""ImportId"":""QID3""}","{""ImportId"":""QID58""}","{""ImportId"":""QID59_TEXT""}","{""ImportId"":""QID25#1_2""}","{""ImportId"":""QID25#1_3""}","{""ImportId"":""QID25#1_33""}","{""ImportId"":""QID25#1_37""}","{""ImportId"":""QID25#1_6""}","{""ImportId"":""QID25#1_7""}","{""ImportId"":""QID25#2_2""}","{""ImportId"":""QID25#2_3""}","{""ImportId"":""QID25#2_33""}","{""ImportId"":""QID25#2_37""}","{""ImportId"":""QID25#2_6""}","{""ImportId"":""QID25#2_7""}","{""ImportId"":""QID25#3_2""}","{""ImportId"":""QID25#3_3""}","{""ImportId"":""QID25#3_33""}","{""ImportId"":""QID25#3_37""}","{""ImportId"":""QID25#3_6""}","{""ImportId"":""QID25#3_7""}","{""ImportId"":""QID25#4_2""}","{""ImportId"":""QID25#4_3""}","{""ImportId"":""QID25#4_33""}","{""ImportId"":""QID25#4_37""}","{""ImportId"":""QID25#4_6""}","{""ImportId"":""QID25#4_7""}","{""ImportId"":""QID25#5_2""}","{""ImportId"":""QID25#5_3""}","{""ImportId"":""QID25#5_33""}","{""ImportId"":""QID25#5_37""}","{""ImportId"":""QID25#5_6""}","{""ImportId"":""QID25#5_7""}","{""ImportId"":""QID55#1_2""}","{""ImportId"":""QID55#1_3""}","{""ImportId"":""QID55#1_33""}","{""ImportId"":""QID55#1_37""}","{""ImportId"":""QID55#1_6""}","{""ImportId"":""QID55#1_7""}","{""ImportId"":""QID57""}","{""ImportId"":""QID57_3_TEXT""}","{""ImportId"":""QID51""}","{""ImportId"":""QID52""}","{""ImportId"":""QID60""}","{""ImportId"":""QID17""}","{""ImportId"":""QID18_TEXT""}","{""ImportId"":""QID9""}","{""ImportId"":""QID32_TEXT""}","{""ImportId"":""QID47""}","{""ImportId"":""QID31""}","{""ImportId"":""QID33_TEXT""}","{""ImportId"":""QID48""}","{""ImportId"":""QID34""}","{""ImportId"":""QID35_TEXT""}","{""ImportId"":""QID49""}","{""ImportId"":""QID19""}","{""ImportId"":""QID20_TEXT""}","{""ImportId"":""QID37""}","{""ImportId"":""QID38""}","{""ImportId"":""QID39""}","{""ImportId"":""QID40""}","{""ImportId"":""QID65""}","{""ImportId"":""QID41""}","{""ImportId"":""QID42_TEXT""}","{""ImportId"":""QID64_TEXT""}","{""ImportId"":""QID43_TEXT""}","{""ImportId"":""MTurkCode""}"
2017-10-04 12:58:53,2017-10-04 13:00:43,Survey Preview,,100,109,True,2017-10-04 13:00:43,R_1EcGD5vYFl0st2U,,,,,40.443893432617,-79.956100463867,preview,EN,Clothes Dryer,Window Air Conditioner,Window Air Conditioner,,,,Less than 1 year,,,,,,Yes,,,,,,More than $300,,,,,,0-30 days,,,,,,Yes,,,,,,Scrapped it,,,,,Rent,,Yes,2008,Mostly older (more than 5 years),Los Angeles Department of Water and Power (LADWP),,,,,,,,,,,You,,51-60 years old,Female,"White,Asian","$21,000-$80,000",8th grade or less,4,12345,234,12345,95377160
2017-10-04 13:03:18,2017-10-04 13:04:33,Survey Preview,,100,75,True,2017-10-04 13:04:34,R_3F2JZC0YdAvzwqx,,,,,40.443893432617,-79.956100463867,preview,EN,Window Air Conditioner,"Window Air Conditioner,Clothes Dryer",Window Air Conditioner,,,,Less than 1 year,,,,,,Yes,,,,,,$51-100,,,,,,0-30 days,,,,,,Yes,,,,,,Kept it,,,,,Rent,,Yes,2010,Mostly older (more than 5 years),Sacramento Municipal Utility District (SMUD),,,,,,,,,,,You,,21-30 years old,Other,Hispanic or Latino,"<$20,000",8th grade or less,1,12345,,21,61233008
2017-10-04 13:18:50,2017-10-04 13:19:44,Survey Preview,,100,53,True,2017-10-04 13:19:44,R_3OW9fl3yYwBRqCd,,,,,40.443893432617,-79.956100463867,preview,EN,I do not have any of these,I did not purchase any of these,,,,,,,,,,,,,,,,,,,,,,,,,,,,,,,,,,,,,,,,Rent,,No,,Mostly newer (5 years old or less),Los Angeles Department of Water and Power (LADWP),,,,,,,,,,,"Spouse, domestic partner, or roommate",,21-30 years old,Female,"Black or African American,American Indian or Alaska Native","<$20,000",8th grade or less,4,12345,,123,15355454
2017-10-12 10:10:35,2017-10-12 10:12:31,Survey Preview,,100,115,True,2017-10-12 10:12:32,R_2VgLmRBbmQZbeQR,,,,,40.443893432617,-79.956100463867,preview,EN,Refrigerator,"Refrigerator,Window Air Conditioner","Refrigerator,Window Air Conditioner",,,1-3 years,1-3 years,,,,,Yes,Yes,,,,,$101-300,$51-100,,,,,0-30 days,31-60 days,,,,,No,Yes,,,,,Kept it,Scrapped it,,,,,Rent,,Prefer not to answer,,Mostly older (more than 5 years),San Diego Gas & Electric (SDG&E),,,,,,,,,,,Landlord,,31-40 years old,Male,Prefer not to answer,"$21,000-$80,000","More than 8th grade, but not a high school graduate",2,,,123123,8833572
2017-10-13 09:38:09,2017-10-13 09:41:35,Survey Preview,,100,206,True,2017-10-13 09:41:36,R_2ePQktG8Y7VDcYf,,,,,40.443893432617,-79.956100463867,preview,EN,"Refrigerator,Window Air Conditioner","Refrigerator,Clothes Dryer","Refrigerator,Clothes Dryer",,,4-6 years,,Less than 1 year,,,,Yes,,Yes,,,,$50 or less,,$51-100,,,,31-60 days,,0-30 days,,,,No,,Yes,,,,Kept it,,Scrapped it,,,,Rent,,Yes,2009,Mostly older (more than 5 years),Other,sad,,,,,,,,,,"Spouse, domestic partner, or roommate",,41-50 years old,Male,American Indian or Alaska Native,"<$20,000",High school graduate or GED,3,,,123123,6770837
2017-10-19 10:10:41,2017-10-19 10:14:57,IP Address,128.237.209.236,100,256,True,2017-10-19 10:14:57,R_31sL8zMInaVdEv9,,,,,40.443893432617,-79.956100463867,anonymous,EN,"Refrigerator,Window Air Conditioner","Refrigerator,Window Air Conditioner",Refrigerator,,,1-3 years,,,,,,Yes,,,,,,$51-100,,,,,,0-30 days,,,,,,No,,,,,,Scrapped it,,,,,,Rent,,Yes,2008,,Southern California Edison (SCE),,,,,California Alternate Rates for Energy (CARE),,3-4 years,,,,"Spouse, domestic partner, or roommate",,Under 20 years old,Other,Hispanic or Latino,"<$20,000",High school graduate or GED,1,,,1,52039874
2017-10-10 10:15:22,2017-10-12 16:29:51,IP Address,173.75.31.10,74,195269,False,2017-10-19 16:30:19,R_2PhPq7EWkyjc6tK,,,,,,,anonymous,EN,"Refrigerator,Window Air Conditioner,Clothes Dryer,Clothes Washer,Water Heater","Refrigerator,Window Air Conditioner","Refrigerator,Window Air Conditioner",,,4-6 years,1-3 years,,,,,Yes,No,,,,,$101-300,More than $300,,,,,0-30 days,31-60 days,,,,,Yes,Yes,,,,,Kept it,,,,,,Own,,No,,,Pacific Gas and Electric Company (PG&E),,"California Alternate Rates for Energy (CARE),Family Electric Rate Assistance (FERA)",,7-10 years,,,,,,,You,,,,,,,,,,,40213047
2017-10-20 15:42:51,2017-10-20 15:44:58,IP Address,98.176.238.152,100,127,True,2017-10-20 15:44:58,R_2EtujdY4mDuPfcy,,,,,32.636093139648,-117.05319976807,anonymous,EN,"Refrigerator,Clothes Dryer,Clothes Washer,Water Heater","Refrigerator,Clothes Dryer,Clothes Washer",,No,,,,,,,,,,,,,,,,,,,,,,,,,,,,,,,,,,,,,,Own,,Yes,2014,Mostly newer (5 years old or less),San Diego Gas & Electric (SDG&E),,,,,,,,,,,You,,21-30 years old,Male,Asian,"$81,000-$160,000",Bachelor's degree or higher,2,92154,No,A39Q4SNT7SRK94,88341234
2017-10-20 15:43:35,2017-10-20 15:46:08,IP Address,66.74.58.125,100,152,True,2017-10-20 15:46:09,R_3ERNUUrCRq4rPe2,,,,,34.153701782227,-116.41889953613,anonymous,EN,"Refrigerator,Clothes Dryer,Clothes Washer,Water Heater","Clothes Dryer,Clothes Washer",,No,,,,,,,,,,,,,,,,,,,,,,,,,,,,,,,,,,,,,,Own,,No,,Mostly older (more than 5 years),Southern California Edison (SCE),,,,,,,,,,,"Spouse, domestic partner, or roommate",,51-60 years old,Female,Asian,"$21,000-$80,000",Some college,2,92252,,A1RG66DYKTZQN0,26199159
2017-10-20 15:42:46,2017-10-20 15:46:22,IP Address,108.185.80.112,100,216,True,2017-10-20 15:46:22,R_12btE0xwYzeQWO8,,,,,33.923095703125,-118.13960266113,anonymous,EN,"Refrigerator,Clothes Dryer,Clothes Washer,Water Heater,Pool pump/motor","Refrigerator,Clothes Dryer,Clothes Washer,Water Heater,Pool pump/motor",,No,,,,,,,,,,,,,,,,,,,,,,,,,,,,,,,,,,,,,,Rent,,Yes,2008,Mostly newer (5 years old or less),Southern California Edison (SCE),,,,,,,,,,,You,,31-40 years old,Male,Asian,"$81,000-$160,000",Bachelor's degree or higher,3,90670,,AVFHRN0S32V2H,32959616
2017-10-20 15:44:30,2017-10-20 15:46:50,IP Address,134.186.23.239,100,140,True,2017-10-20 15:46:50,R_27rliHDWIY08U6T,,,,,38.408798217773,-121.37159729004,anonymous,EN,"Refrigerator,Window Air Conditioner,Clothes Dryer,Clothes Washer,Water Heater,Pool pump/motor","Clothes Dryer,Clothes Washer,Water Heater,Pool pump/motor",Pool pump/motor,,,,,,,,1-3 years,,,,,,No,,,,,,$51-100,,,,,,0-30 days,,,,,,Yes,,,,,,,Rent,,,,Mostly older (more than 5 years),Sacramento Municipal Utility District (SMUD),,,,,,,,,,,You,,31-40 years old,Female,White,"$81,000-$160,000",Bachelor's degree or higher,3,95829,no,A1B8JE9KHYBRTO,17538898
2017-10-20 15:45:16,2017-10-20 15:46:51,IP Address,174.134.120.68,100,94,True,2017-10-20 15:46:51,R_1jTzOei5183N8EU,,,,,35.345596313477,-119.07559967041,anonymous,EN,"Refrigerator,Clothes Dryer,Clothes Washer,Water Heater","Refrigerator,Clothes Dryer,Clothes Washer",Refrigerator,,,Less than 1 year,,,,,,No,,,,,,$50 or less,,,,,,0-30 days,,,,,,Yes,,,,,,,,,,,,Own,,Yes,2017,Mostly newer (5 years old or less),Pacific Gas and Electric Company (PG&E),,Energy Savings Assistance Program,,,,,,,,,"Spouse, domestic partner, or roommate",,21-30 years old,Female,White,"$21,000-$80,000",High school graduate or GED,4,93309,,A1I4N5DWJBTZ5C,93008611
2017-10-20 15:43:51,2017-10-20 15:47:49,IP Address,104.62.181.53,100,238,True,2017-10-20 15:47:49,R_yCqdEUoaKLXBmZb,,,,,32.719100952148,-117.16070556641,anonymous,EN,"Refrigerator,Clothes Dryer,Clothes Washer,Water Heater","Refrigerator,Window Air Conditioner",,No,,,,,,,,,,,,,,,,,,,,,,,,,,,,,,,,,,,,,,Own,,Yes,2016,Mostly newer (5 years old or less),San Diego Gas & Electric (SDG&E),,,,,,,,,,,You,,21-30 years old,Male,White,"$81,000-$160,000",Bachelor's degree or higher,2,92101,no,AMYRVTU53MLYO,75250161
2017-10-20 15:43:00,2017-10-20 15:47:54,IP Address,108.185.235.3,100,294,True,2017-10-20 15:47:54,R_1qV6tOzEJXTmlO5,,,,,34.406494140625,-118.4015045166,anonymous,EN,"Refrigerator,Clothes Dryer,Clothes Washer,Water Heater",Water Heater,,No,,,,,,,,,,,,,,,,,,,,,,,,,,,,,,,,,,,,,,Rent,,Yes,2010,Mostly older (more than 5 years),Southern California Edison (SCE),,,,,California Alternate Rates for Energy (CARE),,1-6 months,,,,You,,41-50 years old,Female,White,"$21,000-$80,000",Some college,2,91381,,A1RJ2LORL5PJHS,87211500
2017-10-20 15:43:36,2017-10-20 15:48:03,IP Address,184.183.173.159,100,267,True,2017-10-20 15:48:03,R_C9dVX6dyYApITIt,,,,,32.795196533203,-116.96710205078,anonymous,EN,"Refrigerator,Window Air Conditioner,Clothes Dryer,Clothes Washer,Water Heater","Refrigerator,Window Air Conditioner,Water Heater",Water Heater,,,,,,,7-10 years,,,,,,No,,,,,,$51-100,,,,,,Don't remember,,,,,,Yes,,,,,,,,Rent,,Yes,,Mostly older (more than 5 years),San Diego Gas & Electric (SDG&E),,,,,,,,,,,Other,"roommate ",31-40 years old,Male,White,Prefer not to answer,Prefer not to answer,Prefer not to answer,92119,,AB1X97ASE626Q,36533648
2017-10-20 15:45:38,2017-10-20 15:48:34,IP Address,207.163.116.23,100,175,True,2017-10-20 15:48:34,R_pEsRntgBdGAlTup,,,,,37.567001342773,-121.98289489746,anonymous,EN,"Refrigerator,Clothes Dryer,Clothes Washer,Water Heater","Refrigerator,Clothes Dryer,Clothes Washer","Refrigerator,Clothes Dryer,Clothes Washer",,,Don't remember,,1-3 years,1-3 years,,,Yes,,No,No,,,$50 or less,,$50 or less,$50 or less,,,0-30 days,,0-30 days,0-30 days,,,Yes,,Yes,Yes,,,Sold it,,,,,,Own,,Yes,2013,Mostly newer (5 years old or less),Pacific Gas and Electric Company (PG&E),,SmartRate,,,,,,,,,You,,31-40 years old,Female,"White,Asian","$21,000-$80,000",Bachelor's degree or higher,1,94536,,A3A1GBZF928EXU,28088814
2017-10-20 15:47:28,2017-10-20 15:49:41,IP Address,107.146.213.196,100,132,True,2017-10-20 15:49:41,R_POFqGR1FbvE5mWR,,,,,35.333892822266,-119.0225982666,anonymous,EN,"Refrigerator,Window Air Conditioner,Clothes Dryer,Clothes Washer,Water Heater","Refrigerator,Window Air Conditioner,Clothes Dryer,Clothes Washer",Refrigerator,,,Don't remember,,,,,,Yes,,,,,,Don't remember,,,,,,Don't remember,,,,,,Yes,,,,,,Sold it,,,,,,Rent,,No,,Mostly newer (5 years old or less),Pacific Gas and Electric Company (PG&E),,Other,none,,,,,,,,You,,31-40 years old,Male,White,"$21,000-$80,000",High school graduate or GED,2,93304,thanks,A1PTX4IB9R34LI,86078923
2017-10-20 15:45:01,2017-10-20 15:50:09,IP Address,50.38.109.152,100,308,True,2017-10-20 15:50:09,R_269gutWusazt5nd,,,,,45.496200561523,-122.8018951416,anonymous,EN,"Refrigerator,Water Heater",Clothes Washer,,Yes,"It's possible that a rebate was I was uninformed about its availability. ",,,,,,,,,,,,,,,,,,,,,,,,,,,,,,,,,,,,,Rent,,Yes,2017,Mostly older (more than 5 years),Pacific Gas and Electric Company (PG&E),,,,,,,,,,,Landlord,,61-70 years old,Male,White,"<$20,000",Bachelor's degree or higher,1,97381,,A2H1QUGX0SOUMH,23596993
2017-10-20 15:46:23,2017-10-20 15:50:41,IP Address,99.105.102.186,100,258,True,2017-10-20 15:50:41,R_241VGoCHIltfIMi,,,,,33.875503540039,-117.99349975586,anonymous,EN,"Refrigerator,Window Air Conditioner,Clothes Dryer,Clothes Washer,Water Heater","Refrigerator,Water Heater","Refrigerator,Water Heater",,,4-6 years,,,,1-3 years,,No,,,,No,,$50 or less,,,,$51-100,,0-30 days,,,,0-30 days,,Yes,,,,Yes,,,,,,,,Own,,No,,Mostly older (more than 5 years),Southern California Edison (SCE),,,,,Energy Savings Assistance Program,,,,,,You,,51-60 years old,Male,White,"$21,000-$80,000",Some college,2,90638,,A2VTWFWUQI1BWD,58496767
2017-10-20 15:45:47,2017-10-20 15:50:49,IP Address,108.247.115.21,100,301,True,2017-10-20 15:50:49,R_Df7d8n6hwSr5RG9,,,,,33.735794067383,-118.29229736328,anonymous,EN,"Refrigerator,Clothes Washer,Water Heater",Refrigerator,,No,,,,,,,,,,,,,,,,,,,,,,,,,,,,,,,,,,,,,,Rent,,No,,Mostly older (more than 5 years),Los Angeles Department of Water and Power (LADWP),,,,,,,,,,,You,,41-50 years old,Male,Hispanic or Latino,"<$20,000",High school graduate or GED,2,90731,No comments,AUOLR6JOD7STS,98378542
2017-10-20 15:49:09,2017-10-20 15:50:53,IP Address,97.84.69.195,100,104,True,2017-10-20 15:50:54,R_RsIOxnkx13G3A7D,,,,,37.069198608398,-121.55670166016,anonymous,EN,"Refrigerator,Clothes Dryer,Clothes Washer,Water Heater,Pool pump/motor",Clothes Washer,Clothes Washer,,,,,,1-3 years,,,,,,Yes,,,,,,$101-300,,,,,,>60 days,,,,,,Yes,,,,,,Recycled it,,,Rent,,Yes,,Mostly older (more than 5 years),Pacific Gas and Electric Company (PG&E),,Energy Savings Assistance Program,,,,,,,,,You,,21-30 years old,Female,"White,Hispanic or Latino","$21,000-$80,000",Some college,3,95020,,AFV6K3HVAT6AH,2345649
2017-10-20 15:49:55,2017-10-20 15:51:27,IP Address,47.145.150.17,100,92,True,2017-10-20 15:51:28,R_1H2JBTwiXoiQi7C,,,,,34.069900512695,-117.9421005249,anonymous,EN,"Refrigerator,Clothes Dryer,Clothes Washer,Water Heater",Refrigerator,,No,,,,,,,,,,,,,,,,,,,,,,,,,,,,,,,,,,,,,,Rent,,No,,Mostly newer (5 years old or less),Southern California Edison (SCE),,,,,,,,,,,You,,21-30 years old,Male,"White,Asian","$21,000-$80,000",Bachelor's degree or higher,1,91724,,A2E5PZUD6W4OA1,82782740
2017-10-20 15:48:01,2017-10-20 15:52:06,IP Address,173.244.36.2,100,244,True,2017-10-20 15:52:06,R_PLI9ZsabWigYQaR,,,,,33.448394775391,-112.07399749756,anonymous,EN,"Refrigerator,Window Air Conditioner,Clothes Dryer,Clothes Washer,Water Heater","Refrigerator,Window Air Conditioner,Clothes Dryer,Clothes Washer,Water Heater","Refrigerator,Water Heater",,,Don't remember,,,,7-10 years,,No,,,,No,,Don't remember,,,,Don't remember,,Don't remember,,,,0-30 days,,Yes,,,,Yes,,,,,,,,Own,,No,,Mostly older (more than 5 years),Southern California Edison (SCE),,,,,California Alternate Rates for Energy (CARE),,1-2 years,,,,"Spouse, domestic partner, or roommate",,21-30 years old,Male,Asian,"<$20,000",Bachelor's degree or higher,2,91776,na,A1MG7LT2628KLU,49826875
2017-10-20 15:50:02,2017-10-20 15:52:06,IP Address,189.202.85.175,100,124,True,2017-10-20 15:52:07,R_PvckBX0RnMH9gqt,,,,,32.533294677734,-117.01670074463,anonymous,EN,"Refrigerator,Clothes Dryer,Clothes Washer,Water Heater","Refrigerator,Clothes Dryer,Clothes Washer",,Yes,Too much paperwork to fill out.,,,,,,,,,,,,,,,,,,,,,,,,,,,,,,,,,,,,,Rent,,No,,Mostly older (more than 5 years),Pacific Gas and Electric Company (PG&E),,,,,,,,,,,You,,31-40 years old,Male,Hispanic or Latino,"$21,000-$80,000",Some college,4,91910,Good study.,A3EWC3BN8RU33I,98308243
2017-10-20 15:50:22,2017-10-20 15:52:56,IP Address,23.112.84.225,100,154,True,2017-10-20 15:52:57,R_3hxqNAhPwKRFDj7,,,,,38.62629699707,-121.38279724121,anonymous,EN,Refrigerator,I did not purchase any of these,,,,,,,,,,,,,,,,,,,,,,,,,,,,,,,,,,,,,,,,Rent,,Yes,2015,Mostly older (more than 5 years),Sacramento Municipal Utility District (SMUD),,,,,,,,,,,Other,parent,41-50 years old,Female,"White,Black or African American","$21,000-$80,000",Some college,2,95608,,A3MD34XEB4H6JF,44305945
2017-10-20 15:51:35,2017-10-20 15:52:58,IP Address,207.166.31.200,100,82,True,2017-10-20 15:52:58,R_3p4gCeEKfgobXgv,,,,,38.616394042969,-121.49620056152,anonymous,EN,"Refrigerator,Clothes Dryer,Clothes Washer,Water Heater,Pool pump/motor",Refrigerator,Refrigerator,,,Less than 1 year,,,,,,Yes,,,,,,$51-100,,,,,,>60 days,,,,,,Yes,,,,,,Recycled it,,,,,,Own,,No,,Mostly older (more than 5 years),Pacific Gas and Electric Company (PG&E),,Energy Savings Assistance Program,,,,,,,,,You,,31-40 years old,Male,White,"$21,000-$80,000",High school graduate or GED,1,95679,,A21qmmjhosg779,13406988
2017-10-20 15:50:44,2017-10-20 15:53:25,IP Address,199.188.128.246,100,161,True,2017-10-20 15:53:25,R_1CDWpjI8TpW7T3t,,,,,34.192092895508,-118.49240112305,anonymous,EN,"Refrigerator,Clothes Dryer,Clothes Washer,Pool pump/motor",Refrigerator,Refrigerator,,,4-6 years,,,,,,Yes,,,,,,$101-300,,,,,,0-30 days,,,,,,Yes,,,,,,Scrapped it,,,,,,Rent,,Yes,2012,Mostly newer (5 years old or less),Other,Pasadena Water and Power,,,,,,,,,,You,,31-40 years old,Male,"White,Asian",">$160,000",Bachelor's degree or higher,2,91106,,A3VE8M1BAZOMIZ,39709308
2017-10-20 15:51:28,2017-10-20 15:53:54,IP Address,162.226.190.29,100,145,True,2017-10-20 15:53:54,R_32JblqG8xievmI4,,,,,33.870300292969,-117.92530059814,anonymous,EN,"Refrigerator,Window Air Conditioner,Clothes Washer","Refrigerator,Window Air Conditioner,Clothes Washer",,Yes,I just didn't feel like dealing with the paperwork and hearing back.,,,,,,,,,,,,,,,,,,,,,,,,,,,,,,,,,,,,,Rent,,Yes,2014,Mostly newer (5 years old or less),Southern California Edison (SCE),,,,,California Alternate Rates for Energy (CARE),,3-4 years,,,,You,,21-30 years old,Male,White,"<$20,000",Some college,2,92832,No.,A2LT6KC1X51FVW,36511484
2017-10-20 15:49:26,2017-10-20 15:54:23,IP Address,99.190.112.31,100,297,True,2017-10-20 15:54:24,R_1AqzCuZCBJpaaOJ,,,,,34.286804199219,-118.61399841309,anonymous,EN,"Refrigerator,Clothes Dryer,Clothes Washer,Water Heater","Refrigerator,Clothes Dryer,Clothes Washer",Clothes Dryer,,,,,7-10 years,,,,,,No,,,,,,$50 or less,,,,,,0-30 days,,,,,,Yes,,,,,,,,,,Own,,No,,Mostly older (more than 5 years),Los Angeles Department of Water and Power (LADWP),,,,,,,,,,,You,,61-70 years old,Female,Black or African American,"$21,000-$80,000",Some college,2,91311,,A2TWNZAXELMZXX,34517964
2017-10-20 15:51:42,2017-10-20 15:54:46,IP Address,70.209.199.12,100,184,True,2017-10-20 15:54:47,R_1Nt3kIv5lwc6FDz,,,,,33.623794555664,-117.25689697266,anonymous,EN,"Refrigerator,Clothes Dryer,Clothes Washer,Water Heater","Refrigerator,Clothes Dryer,Clothes Washer,Water Heater",Refrigerator,,,1-3 years,,,,,,Yes,,,,,,More than $300,,,,,,31-60 days,,,,,,Yes,,,,,,Sold it,,,,,,Rent,,No,,Mostly newer (5 years old or less),Southern California Edison (SCE),,,,,"California Alternate Rates for Energy (CARE),Energy Savings Assistance Program",,3-4 years,,,,You,,31-40 years old,Female,White,"$21,000-$80,000",High school graduate or GED,4,92386,,A1PD0NGV29HX0W,31037816
2017-10-20 15:54:16,2017-10-20 15:55:47,IP Address,205.156.136.229,100,90,True,2017-10-20 15:55:47,R_SH9tRYk3jua3UTn,,,,,40.760498046875,-73.993301391602,anonymous,EN,"Refrigerator,Clothes Dryer,Clothes Washer","Refrigerator,Clothes Dryer,Clothes Washer",,No,,,,,,,,,,,,,,,,,,,,,,,,,,,,,,,,,,,,,,Rent,,Yes,2015,Mostly newer (5 years old or less),Pacific Gas and Electric Company (PG&E),,,,,,,,,,,"Spouse, domestic partner, or roommate",,21-30 years old,Female,Asian,">$160,000",Bachelor's degree or higher,2,94010,,A2M9D02CIVECE3,1983526
2017-10-20 15:54:14,2017-10-20 15:56:15,IP Address,76.103.81.2,100,121,True,2017-10-20 15:56:15,R_2gFrYOQ1VYheop3,,,,,37.680999755859,-122.12440490723,anonymous,EN,"Refrigerator,Clothes Dryer,Clothes Washer,Water Heater,Pool pump/motor","Refrigerator,Pool pump/motor",,No,,,,,,,,,,,,,,,,,,,,,,,,,,,,,,,,,,,,,,Own,,No,,Mostly newer (5 years old or less),Pacific Gas and Electric Company (PG&E),,,,,,,,,,,"Spouse, domestic partner, or roommate",,21-30 years old,Male,White,"$21,000-$80,000","More than 8th grade, but not a high school graduate",4,94580,,A2Z4P35LHUH2WP,90995333
2017-10-20 15:53:49,2017-10-20 15:56:41,IP Address,47.145.43.125,100,171,True,2017-10-20 15:56:41,R_rcLoVhI2SUD9G01,,,,,33.728302001953,-117.14640045166,anonymous,EN,"Refrigerator,Clothes Dryer,Clothes Washer,Water Heater","Refrigerator,Clothes Dryer,Clothes Washer,Water Heater","Refrigerator,Water Heater",,,1-3 years,,,,1-3 years,,No,,,,No,,Don't remember,,,,$101-300,,31-60 days,,,,31-60 days,,Yes,,,,Yes,,,,,,,,Own,,Yes,2017,Mostly newer (5 years old or less),Pacific Gas and Electric Company (PG&E),,California Alternate Rates for Energy (CARE),,1-6 months,,,,,,,"Spouse, domestic partner, or roommate",,21-30 years old,Male,Prefer not to answer,"$21,000-$80,000",Some college,3,92508,,A148E0MMDWK270,14104264
2017-10-20 15:54:03,2017-10-20 15:58:17,IP Address,73.189.28.201,100,253,True,2017-10-20 15:58:17,R_2Y52GhlN9P1zSTf,,,,,37.044799804688,-122.10209655762,anonymous,EN,"Refrigerator,Clothes Dryer,Clothes Washer","Refrigerator,Clothes Dryer,Clothes Washer",,Yes,"Yes, probably. I live in a house with several others, and we share responsibilities on bills, so sometimes things get lost in translation. ",,,,,,,,,,,,,,,,,,,,,,,,,,,,,,,,,,,,,Rent,,Yes,2015,Mostly newer (5 years old or less),Pacific Gas and Electric Company (PG&E),,,,,,,,,,,"Spouse, domestic partner, or roommate",,21-30 years old,Male,White,"$21,000-$80,000",Bachelor's degree or higher,1,95060,N/A,A23TGEQ4CG90PA,59768357
2017-10-20 15:53:17,2017-10-20 15:59:30,IP Address,108.94.161.15,100,373,True,2017-10-20 15:59:31,R_do570yoJiQ92dFL,,,,,37.779098510742,-122.21580505371,anonymous,EN,"Refrigerator,Window Air Conditioner,Clothes Dryer,Clothes Washer,Water Heater","Refrigerator,Window Air Conditioner,Clothes Dryer,Clothes Washer,Water Heater",,No,,,,,,,,,,,,,,,,,,,,,,,,,,,,,,,,,,,,,,Own,,Yes,2011,Mostly newer (5 years old or less),Pacific Gas and Electric Company (PG&E),,,,,,,,,,,"Spouse, domestic partner, or roommate",,41-50 years old,Male,Asian,"$81,000-$160,000",Bachelor's degree or higher,2,94619,,A101TTS7WAVXAV,63227869
2017-10-20 15:56:47,2017-10-20 15:59:33,IP Address,67.181.25.70,100,165,True,2017-10-20 15:59:33,R_DbKpmNw3BcU5beF,,,,,38.693206787109,-121.31159973145,anonymous,EN,"Refrigerator,Clothes Dryer,Clothes Washer,Water Heater,Pool pump/motor","Clothes Dryer,Clothes Washer,Water Heater","Clothes Dryer,Clothes Washer",,,,,4-6 years,4-6 years,,,,,Yes,No,,,,,$51-100,$51-100,,,,,0-30 days,0-30 days,,,,,Yes,Yes,,,,,Scrapped it,,,,Own,,No,,Mostly newer (5 years old or less),Sacramento Municipal Utility District (SMUD),,,,,,,,,,,You,,61-70 years old,Male,White,"$81,000-$160,000",Some college,3,95621,,AKVDY8OXNMQED,43878719
2017-10-20 15:55:30,2017-10-20 16:00:01,IP Address,174.222.5.18,100,270,True,2017-10-20 16:00:01,R_1NFeKVpMHWPpZZN,,,,,37.751007080078,-97.821998596191,anonymous,EN,"Refrigerator,Clothes Dryer,Clothes Washer,Water Heater,Pool pump/motor","Refrigerator,Clothes Dryer,Clothes Washer,Water Heater,Pool pump/motor",Water Heater,,,,,,,1-3 years,,,,,,No,,,,,,$101-300,,,,,,0-30 days,,,,,,Yes,,,,,,,,Own,,No,,Mostly newer (5 years old or less),Sacramento Municipal Utility District (SMUD),,,,,,,,,,,You,,21-30 years old,Male,"White,Hispanic or Latino","$81,000-$160,000",Some college,2,95823,No,AZNYW33Q9FOLU,50796084
2017-10-20 15:59:03,2017-10-20 16:00:34,IP Address,107.132.216.234,100,91,True,2017-10-20 16:00:34,R_AjIfOIb0U2aMwsF,,,,,35.383193969727,-119.22720336914,anonymous,EN,"Refrigerator,Clothes Dryer,Clothes Washer,Water Heater",I did not purchase any of these,,,,,,,,,,,,,,,,,,,,,,,,,,,,,,,,,,,,,,,,Rent,,No,,Mostly older (more than 5 years),Pacific Gas and Electric Company (PG&E),,California Alternate Rates for Energy (CARE),,7-10 years,,,,,,,You,,31-40 years old,Female,White,"$21,000-$80,000",Bachelor's degree or higher,2,93312,,A2581F7TDPAMBQ,33678065
2017-10-20 15:58:47,2017-10-20 16:00:37,IP Address,76.14.132.7,100,109,True,2017-10-20 16:00:37,R_20hhcctu0SY1xEB,,,,,38.805206298828,-121.24530029297,anonymous,EN,"Refrigerator,Clothes Dryer,Clothes Washer,Water Heater","Refrigerator,Clothes Dryer,Clothes Washer",,No,,,,,,,,,,,,,,,,,,,,,,,,,,,,,,,,,,,,,,Own,,Yes,2015,Mostly newer (5 years old or less),Pacific Gas and Electric Company (PG&E),,California Alternate Rates for Energy (CARE),,3-4 years,,,,,,,You,,31-40 years old,Male,White,"$21,000-$80,000",Some college,4,95678,,A36WMCXP1MNYXP,28134551
2017-10-20 16:00:45,2017-10-20 16:02:22,IP Address,174.68.111.239,100,97,True,2017-10-20 16:02:23,R_XNCGIX7J8aZpAD7,,,,,32.636093139648,-117.05319976807,anonymous,EN,"Refrigerator,Clothes Dryer,Clothes Washer",I did not purchase any of these,,,,,,,,,,,,,,,,,,,,,,,,,,,,,,,,,,,,,,,,Own,,No,,Mostly older (more than 5 years),San Diego Gas & Electric (SDG&E),,,,,,,,,,,Other,parents,21-30 years old,Female,Asian,Prefer not to answer,Bachelor's degree or higher,4,91915,,A1E9DZHKYPDSRF,44486368
2017-10-20 16:00:32,2017-10-20 16:03:23,IP Address,47.146.53.61,100,170,True,2017-10-20 16:03:23,R_2Clg57Vzibv1uKi,,,,,34.224899291992,-117.37609863281,anonymous,EN,"Refrigerator,Window Air Conditioner,Clothes Dryer,Clothes Washer,Water Heater","Refrigerator,Window Air Conditioner,Clothes Dryer,Clothes Washer,Water Heater",Refrigerator,,,1-3 years,,,,,,No,,,,,,$51-100,,,,,,0-30 days,,,,,,Yes,,,,,,,,,,,,Own,,No,,Mostly newer (5 years old or less),Southern California Edison (SCE),,,,,"California Alternate Rates for Energy (CARE),Energy Savings Assistance Program",,3-4 years,,,,You,,21-30 years old,Male,Hispanic or Latino,"$21,000-$80,000",High school graduate or GED,More than 4,92411,,A1IBVWKNX3OKK7,14021070
2017-10-20 16:02:57,2017-10-20 16:04:48,IP Address,205.225.192.66,100,110,True,2017-10-20 16:04:48,R_sNyZNWmaG0cyX0R,,,,,38.581604003906,-121.49440002441,anonymous,EN,"Refrigerator,Clothes Dryer,Clothes Washer,Water Heater,Pool pump/motor","Refrigerator,Water Heater,Pool pump/motor",Water Heater,,,,,,,Less than 1 year,,,,,,Yes,,,,,,$51-100,,,,,,0-30 days,,,,,,Yes,,,,,,Scrapped it,,Own,,No,,Mostly older (more than 5 years),Sacramento Municipal Utility District (SMUD),,,,,,,,,,,You,,51-60 years old,Male,"White,Hispanic or Latino","$81,000-$160,000",Some college,3,95758,,A3F2J0WFJKEHQ6,68934109
2017-10-20 16:03:46,2017-10-20 16:06:34,IP Address,216.129.126.118,100,168,True,2017-10-20 16:06:35,R_1d4gG6r67aXUi2Q,,,,,37.311996459961,-121.96600341797,anonymous,EN,"Refrigerator,Clothes Dryer,Clothes Washer","Clothes Dryer,Clothes Washer",,No,,,,,,,,,,,,,,,,,,,,,,,,,,,,,,,,,,,,,,Own,,No,,Mostly older (more than 5 years),Pacific Gas and Electric Company (PG&E),,,,,,,,,,,You,,21-30 years old,Male,Asian,"$81,000-$160,000",Bachelor's degree or higher,1,94121,,A3DU63P4KYJHOO,15666977
2017-10-20 16:06:29,2017-10-20 16:08:41,IP Address,107.203.176.10,100,132,True,2017-10-20 16:08:41,R_AhxLKoNyzpN5Jxn,,,,,34.406494140625,-118.4015045166,anonymous,EN,"Refrigerator,Clothes Dryer,Clothes Washer,Water Heater,Pool pump/motor","Refrigerator,Clothes Dryer,Clothes Washer,Pool pump/motor",Refrigerator,,,1-3 years,,,,,,Yes,,,,,,$51-100,,,,,,31-60 days,,,,,,Yes,,,,,,Kept it,,,,,,Rent,,Yes,2014,Mostly newer (5 years old or less),Southern California Edison (SCE),,,,,California Alternate Rates for Energy (CARE),,3-4 years,,,,You,,21-30 years old,Female,Asian,"$21,000-$80,000",Bachelor's degree or higher,1,94112,,A214M6BELJC3DH,27635490
2017-10-20 16:07:40,2017-10-20 16:10:18,IP Address,162.226.190.29,100,157,True,2017-10-20 16:10:19,R_TgRYF0Kea4zyIXT,,,,,33.870300292969,-117.92530059814,anonymous,EN,"Refrigerator,Window Air Conditioner,Clothes Washer,Water Heater","Refrigerator,Window Air Conditioner,Clothes Washer,Water Heater",,Yes,"I have no idea, I guess I did not think about it at the time.",,,,,,,,,,,,,,,,,,,,,,,,,,,,,,,,,,,,,Rent,,Yes,2014,Mostly newer (5 years old or less),Southern California Edison (SCE),,,,,California Alternate Rates for Energy (CARE),,3-4 years,,,,"Spouse, domestic partner, or roommate",,21-30 years old,Female,"White,Hispanic or Latino","$21,000-$80,000",Some college,2,92832,,A0017268R9SKD8U2Y3F,43005998
2017-10-20 16:08:59,2017-10-20 16:12:28,IP Address,24.130.10.251,100,209,True,2017-10-20 16:12:29,R_1rODlyqMBZ5wwg8,,,,,37.442901611328,-122.15139770508,anonymous,EN,"Refrigerator,Clothes Dryer,Clothes Washer","Refrigerator,Clothes Dryer,Clothes Washer,Pool pump/motor",Refrigerator,,,1-3 years,,,,,,Yes,,,,,,$101-300,,,,,,31-60 days,,,,,,Yes,,,,,,Kept it,,,,,,Rent,,Yes,2017,Mostly newer (5 years old or less),Pacific Gas and Electric Company (PG&E),,California Alternate Rates for Energy (CARE),,3-4 years,,,,,,,Landlord,,21-30 years old,Female,Asian,"$21,000-$80,000",Bachelor's degree or higher,3,94087,n/a," A1R1DNFY1J4L2E",27612195
2017-10-20 16:08:05,2017-10-20 16:12:33,IP Address,76.175.138.29,100,268,True,2017-10-20 16:12:34,R_2dZrWCLafyFuC1E,,,,,33.972793579102,-118.35269927979,anonymous,EN,"Refrigerator,Clothes Dryer,Clothes Washer","Refrigerator,Clothes Dryer,Clothes Washer",Refrigerator,,,1-3 years,,,,,,Yes,,,,,,$50 or less,,,,,,31-60 days,,,,,,Yes,,,,,,Recycled it,,,,,,Rent,,Yes,2013,Mostly newer (5 years old or less),Southern California Edison (SCE),,,,,Energy Savings Assistance Program,,,,,,"Spouse, domestic partner, or roommate",,21-30 years old,Female,Hispanic or Latino,"$21,000-$80,000",Bachelor's degree or higher,4,90301,,A3E4M6VK1VT03Y,4752220
2017-10-20 16:08:06,2017-10-20 16:13:08,IP Address,108.65.76.70,100,302,True,2017-10-20 16:13:09,R_1DZsS0c7YhABprj,,,,,37.384506225586,-122.08810424805,anonymous,EN,"Refrigerator,Clothes Dryer,Clothes Washer,Water Heater","Refrigerator,Clothes Dryer,Clothes Washer,Water Heater",Water Heater,,,,,,,1-3 years,,,,,,Yes,,,,,,$50 or less,,,,,,Don't remember,,,,,,No,,,,,,Recycled it,,Rent,,No,,Mostly older (more than 5 years),Pacific Gas and Electric Company (PG&E),,,,,,,,,,,You,,41-50 years old,Female,White,"<$20,000",Bachelor's degree or higher,2,93450,"nothing to add so far, thanks",A3JKFYKPYYR0O0,60822608
2017-10-20 16:07:49,2017-10-20 16:13:10,IP Address,98.185.224.20,100,321,True,2017-10-20 16:13:10,R_2Ttad3kfZRcnqh4,,,,,34.502105712891,-120.12870025635,anonymous,EN,"Refrigerator,Clothes Dryer,Clothes Washer,Water Heater","Clothes Dryer,Clothes Washer",,No,,,,,,,,,,,,,,,,,,,,,,,,,,,,,,,,,,,,,,Rent,,Yes,2013,Mostly newer (5 years old or less),Southern California Edison (SCE),,,,,,,,,,,You,,31-40 years old,Female,White,"$81,000-$160,000",Bachelor's degree or higher,2,93101,"I had no idea about these rebates! Thank you for bringing them to my attention as it will be something I will look at for future purchases.

Enjoyable survey and extremely useful information. Thank you and good luck with your research!",A1E71BVMGWCN8L,51215563
2017-10-20 16:13:49,2017-10-20 16:15:45,IP Address,45.49.203.176,100,115,True,2017-10-20 16:15:45,R_11hi6ySLTZtdaZn,,,,,34.100601196289,-118.32749938965,anonymous,EN,"Refrigerator,Clothes Dryer,Clothes Washer,Water Heater","Refrigerator,Water Heater",Refrigerator,,,1-3 years,,,,,,Yes,,,,,,$51-100,,,,,,0-30 days,,,,,,Yes,,,,,,Recycled it,,,,,,Rent,,No,,Mostly older (more than 5 years),Los Angeles Department of Water and Power (LADWP),,,,,,,,,,,"Spouse, domestic partner, or roommate",,21-30 years old,Male,Asian,"$21,000-$80,000",Bachelor's degree or higher,3,90004,,A2LMNFSF3LG9VS,76504334
2017-10-20 16:14:17,2017-10-20 16:16:24,IP Address,40.139.141.234,100,126,True,2017-10-20 16:16:24,R_2QsqfT3OeGYRkDc,,,,,37.491394042969,-122.21099853516,anonymous,EN,"Refrigerator,Clothes Dryer,Clothes Washer,Water Heater,Pool pump/motor",Refrigerator,,No,,,,,,,,,,,,,,,,,,,,,,,,,,,,,,,,,,,,,,Own,,Yes,2014,Mostly older (more than 5 years),Pacific Gas and Electric Company (PG&E),,,,,,,,,,,"Spouse, domestic partner, or roommate",,31-40 years old,Male,White,"$81,000-$160,000",Bachelor's degree or higher,2,94063,,A7SI6RWKJGHSW,59077223
2017-10-20 16:15:21,2017-10-20 16:16:38,IP Address,24.5.221.110,100,77,True,2017-10-20 16:16:39,R_vYRD9dcjK6Z8K7n,,,,,37.718597412109,-121.91639709473,anonymous,EN,"Refrigerator,Clothes Dryer,Clothes Washer,Water Heater",I did not purchase any of these,,,,,,,,,,,,,,,,,,,,,,,,,,,,,,,,,,,,,,,,Rent,,No,,Mostly older (more than 5 years),Pacific Gas and Electric Company (PG&E),,SmartRate,,,,,,,,,"Spouse, domestic partner, or roommate",,21-30 years old,Male,Asian,"$21,000-$80,000",Bachelor's degree or higher,3,94568,,AQ9QT3L1WGEPO,51539729
2017-10-20 16:10:15,2017-10-20 16:17:30,IP Address,198.147.225.26,100,435,True,2017-10-20 16:17:31,R_9RzZSVe8iwBFYVb,,,,,32.965606689453,-117.12699890137,anonymous,EN,"Refrigerator,Clothes Dryer,Clothes Washer",I did not purchase any of these,,,,,,,,,,,,,,,,,,,,,,,,,,,,,,,,,,,,,,,,Own,,No,,Mostly older (more than 5 years),Southern California Edison (SCE),,,,,California Alternate Rates for Energy (CARE),,7-10 years,,,,You,,51-60 years old,Male,White,"<$20,000",High school graduate or GED,1,92691,thanks,A20ASMCESA51U4,56205278
2017-10-20 16:16:05,2017-10-20 16:17:45,IP Address,12.201.80.66,100,100,True,2017-10-20 16:17:45,R_VP8IfWtcgSRLaW5,,,,,34.06689453125,-118.31089782715,anonymous,EN,Refrigerator,I did not purchase any of these,,,,,,,,,,,,,,,,,,,,,,,,,,,,,,,,,,,,,,,,Rent,,Yes,,Mostly newer (5 years old or less),Los Angeles Department of Water and Power (LADWP),,,,,,,,,,,You,,31-40 years old,Female,Other,"$21,000-$80,000",Bachelor's degree or higher,1,90005,,A2Q96LE5Y0P424,15319288
2017-10-20 16:10:22,2017-10-20 16:19:54,IP Address,76.21.71.205,100,571,True,2017-10-20 16:19:54,R_3jTFQUDkqfbwRF3,,,,,37.316192626953,-121.93330383301,anonymous,EN,"Refrigerator,Clothes Dryer,Clothes Washer,Water Heater","Refrigerator,Clothes Washer",Clothes Washer,,,,,,1-3 years,,,,,,Yes,,,,,,$101-300,,,,,,0-30 days,,,,,,Yes,,,,,,Sold it,,,Rent,,Yes,2015,Mostly newer (5 years old or less),Pacific Gas and Electric Company (PG&E),,Family Electric Rate Assistance (FERA),,,,,,,,,"Spouse, domestic partner, or roommate",,41-50 years old,Female,White,"$21,000-$80,000",Bachelor's degree or higher,3,95134,na,AH10I9WRTFN8A,17449862
2017-10-20 16:15:32,2017-10-20 16:20:49,IP Address,172.251.175.19,100,316,True,2017-10-20 16:20:50,R_3fws6IFGvxxwFaQ,,,,,34.174896240234,-118.61520385742,anonymous,EN,Refrigerator,Refrigerator,Refrigerator,,,1-3 years,,,,,,Yes,,,,,,$101-300,,,,,,0-30 days,,,,,,Yes,,,,,,Recycled it,,,,,,Rent,,Yes,2015,Mostly older (more than 5 years),Los Angeles Department of Water and Power (LADWP),,,,,,,,,,,You,,31-40 years old,Male,"White,Hispanic or Latino","$21,000-$80,000",Bachelor's degree or higher,1,91304,,A6JOC24PSUEEC,21023245
2017-10-20 16:17:46,2017-10-20 16:20:54,IP Address,174.134.37.21,100,187,True,2017-10-20 16:20:54,R_vwu782pQBMzxTcB,,,,,35.345596313477,-119.07559967041,anonymous,EN,"Refrigerator,Clothes Dryer,Clothes Washer,Water Heater","Refrigerator,Window Air Conditioner,Clothes Dryer,Clothes Washer,Pool pump/motor","Refrigerator,Clothes Dryer,Clothes Washer",,,1-3 years,,1-3 years,1-3 years,,,No,,No,No,,,Don't remember,,Don't remember,Don't remember,,,0-30 days,,0-30 days,0-30 days,,,Yes,,Yes,Yes,,,,,,,,,Rent,,Yes,2015,Mostly older (more than 5 years),Pacific Gas and Electric Company (PG&E),,SmartRate,,,,,,,,,"Spouse, domestic partner, or roommate",,31-40 years old,Male,White,"$81,000-$160,000",Bachelor's degree or higher,3,93304,Thanks!,A5P4NZBHLQIU5,82343106
2017-10-20 16:05:46,2017-10-20 16:20:54,IP Address,63.241.40.131,100,908,True,2017-10-20 16:20:54,R_3KIcToExCO9Lo4M,,,,,34.054397583008,-118.2440032959,anonymous,EN,"Refrigerator,Clothes Dryer,Clothes Washer,Water Heater","Refrigerator,Clothes Dryer,Clothes Washer",Refrigerator,,,4-6 years,,,,,,No,,,,,,$51-100,,,,,,>60 days,,,,,,Yes,,,,,,,,,,,,Rent,,Yes,2017,Mostly older (more than 5 years),San Diego Gas & Electric (SDG&E),,,,,,,,Other,I am not enrolled in any program at the moment,,You,,41-50 years old,Female,Asian,"$81,000-$160,000",Bachelor's degree or higher,2,92101,N/A,A34J6IBB4DGYP1,23697220
2017-10-20 16:18:20,2017-10-20 16:21:56,IP Address,24.205.20.167,100,216,True,2017-10-20 16:21:56,R_e4zn0UBnm49rWBX,,,,,34.076095581055,-118.14419555664,anonymous,EN,"Refrigerator,Window Air Conditioner,Clothes Dryer,Clothes Washer,Water Heater","Window Air Conditioner,Clothes Dryer,Clothes Washer,Water Heater",,Yes,I don't recall any rebate programs being advertised at the time we made the purchases,,,,,,,,,,,,,,,,,,,,,,,,,,,,,,,,,,,,,Other,,Yes,2011,Mostly older (more than 5 years),Southern California Edison (SCE),,,,,,,,,,,You,,51-60 years old,Female,Asian,"$21,000-$80,000",Some college,3,91803,,A1ZWJF3V4NXN6H,692941
2017-10-20 16:20:11,2017-10-20 16:24:02,IP Address,107.128.41.217,100,231,True,2017-10-20 16:24:03,R_1nTshjwJC1GtXJ6,,,,,34.137893676758,-118.1296005249,anonymous,EN,"Refrigerator,Window Air Conditioner,Clothes Washer,Water Heater",I did not purchase any of these,,,,,,,,,,,,,,,,,,,,,,,,,,,,,,,,,,,,,,,,Rent,,No,,Mostly newer (5 years old or less),Other,PWP Water & Power,,,,,,,,,,You,,61-70 years old,Female,White,"<$20,000",Some college,2,91106,Very good survey. Thank you for letting me participate today.,A2DXF3Y88VG4KN,86627707
2017-10-20 16:20:34,2017-10-20 16:24:24,IP Address,50.197.186.73,100,229,True,2017-10-20 16:24:24,R_37ZKM3J5j8YSqQ1,,,,,37.32389831543,-121.91439819336,anonymous,EN,"Refrigerator,Clothes Dryer,Clothes Washer,Water Heater","Refrigerator,Clothes Dryer,Clothes Washer",,No,,,,,,,,,,,,,,,,,,,,,,,,,,,,,,,,,,,,,,Own,,Yes,2015,Mostly newer (5 years old or less),Pacific Gas and Electric Company (PG&E),,,,,,,,,,,You,,31-40 years old,Male,White,"$81,000-$160,000",Some college,3,94803,,A3FLAPKQVDRPJE,69197151
2017-10-20 16:16:13,2017-10-20 16:24:27,IP Address,107.77.211.99,100,493,True,2017-10-20 16:24:28,R_pJyFoXjldDiwGf7,,,,,37.804397583008,-122.27079772949,anonymous,EN,"Refrigerator,Clothes Dryer,Clothes Washer,Water Heater","Refrigerator,Clothes Dryer,Clothes Washer","Refrigerator,Clothes Dryer,Clothes Washer",,,4-6 years,,1-3 years,1-3 years,,,Yes,,No,Yes,,,$51-100,,$101-300,$101-300,,,0-30 days,,0-30 days,0-30 days,,,Yes,,Yes,Yes,,,Scrapped it,,,Sold it,,,Rent,,Yes,2010,Mostly newer (5 years old or less),Pacific Gas and Electric Company (PG&E),,,,,,,,,,,You,,31-40 years old,Female,White,"$21,000-$80,000",Bachelor's degree or higher,3,94117,,AOBTFLJU2BEPR,53865773
2017-10-20 16:21:58,2017-10-20 16:24:48,IP Address,24.205.161.102,100,169,True,2017-10-20 16:24:48,R_2s5vD4bKpUjFOCH,,,,,34.02490234375,-117.89730072021,anonymous,EN,"Refrigerator,Clothes Dryer,Clothes Washer,Water Heater","Refrigerator,Clothes Dryer,Clothes Washer",,Yes,"I don't think I was ever eligible and if I was, I wasn't aware at that time.",,,,,,,,,,,,,,,,,,,,,,,,,,,,,,,,,,,,,Own,,No,,Mostly newer (5 years old or less),Southern California Edison (SCE),,,,,,,,,,,"Spouse, domestic partner, or roommate",,31-40 years old,Female,"White,Asian","<$20,000",Bachelor's degree or higher,Prefer not to answer,91748,,AE5LQ7ZQ1RK9A,93297739
2017-10-20 16:24:31,2017-10-20 16:25:35,IP Address,104.174.223.0,100,63,True,2017-10-20 16:25:35,R_32SncAk124gH3zt,,,,,34.097396850586,-117.90730285645,anonymous,EN,Refrigerator,I did not purchase any of these,,,,,,,,,,,,,,,,,,,,,,,,,,,,,,,,,,,,,,,,Rent,,No,,Mostly older (more than 5 years),Southern California Edison (SCE),,,,,,,,,,,You,,21-30 years old,Male,Asian,"$21,000-$80,000",Bachelor's degree or higher,1,91801,None,A1A3TGZ7DKJWRW,7001476
2017-10-20 16:22:50,2017-10-20 16:25:39,IP Address,99.162.69.196,100,169,True,2017-10-20 16:25:40,R_31F49pjnhrarHVN,,,,,36.647796630859,-121.62590026855,anonymous,EN,"Refrigerator,Clothes Dryer,Clothes Washer,Water Heater",Refrigerator,,No,,,,,,,,,,,,,,,,,,,,,,,,,,,,,,,,,,,,,,Own,,No,,Mostly newer (5 years old or less),Pacific Gas and Electric Company (PG&E),,,,,,,,,,,You,,31-40 years old,Male,Hispanic or Latino,"$21,000-$80,000",Bachelor's degree or higher,2,93905,,A1OVGCI9KUL4MI,20451604
2017-10-20 16:26:53,2017-10-20 16:28:40,IP Address,50.46.133.160,100,106,True,2017-10-20 16:28:41,R_bvgBl0VR1FJcRLb,,,,,47.820907592773,-122.31510162354,anonymous,EN,"Refrigerator,Clothes Washer,Water Heater",I did not purchase any of these,,,,,,,,,,,,,,,,,,,,,,,,,,,,,,,,,,,,,,,,Own,,No,,Mostly older (more than 5 years),Other,Hercules Municipal PUD,,,,,,,,,,You,,31-40 years old,Male,White,"$21,000-$80,000",Bachelor's degree or higher,1,94547,,A2E3TO92MCQ9XU,53096963
2017-10-20 16:25:39,2017-10-20 16:30:02,IP Address,76.14.30.138,100,263,True,2017-10-20 16:30:03,R_30bILREwp3Cu3g3,,,,,37.567092895508,-122.37100219727,anonymous,EN,"Refrigerator,Clothes Washer,Water Heater",Clothes Dryer,,No,,,,,,,,,,,,,,,,,,,,,,,,,,,,,,,,,,,,,,Rent,,Yes,2012,Mostly older (more than 5 years),Pacific Gas and Electric Company (PG&E),,SmartRate,,,,,,,,,You,,31-40 years old,Male,Asian,"$81,000-$160,000",Bachelor's degree or higher,2,94587,,A2IJOA96VUXRDR,42021816
2017-10-20 16:26:18,2017-10-20 16:30:37,IP Address,47.146.145.46,100,258,True,2017-10-20 16:30:37,R_3WTAvnlJxOKsqPf,,,,,34.366104125977,-117.32049560547,anonymous,EN,"Refrigerator,Clothes Dryer,Clothes Washer,Water Heater",Clothes Dryer,Clothes Dryer,,,,,4-6 years,,,,,,Yes,,,,,,$51-100,,,,,,0-30 days,,,,,,No,,,,,,Recycled it,,,,Own,,Yes,2009,Mostly newer (5 years old or less),Southern California Edison (SCE),,,,,Family Electric Rate Assistance (FERA),,,,,,"Spouse, domestic partner, or roommate",,41-50 years old,Female,White,"$21,000-$80,000",High school graduate or GED,4,92345,"They are very strict on what they give rebates on.  ",A55CXM7QR7R0N,31828381
2017-10-20 16:27:12,2017-10-20 16:30:36,IP Address,174.71.41.86,100,204,True,2017-10-20 16:30:36,R_12u8IB3fGW9ZuaJ,,,,,41.299301147461,-96.166603088379,anonymous,EN,"Refrigerator,Clothes Dryer,Clothes Washer,Water Heater","Refrigerator,Clothes Dryer",,No,,,,,,,,,,,,,,,,,,,,,,,,,,,,,,,,,,,,,,Rent,,Yes,2016,Mostly newer (5 years old or less),Other,"Metropolitan utilities district (gas), OPPD (electric).",,,,,,,,,,You,,31-40 years old,Male,White,"$21,000-$80,000",Bachelor's degree or higher,2,68118,,A15HF9M3EGMCWL,96633378
2017-10-20 16:22:36,2017-10-20 16:32:13,IP Address,142.129.44.30,100,576,True,2017-10-20 16:32:13,R_79uak7io9U3POUx,,,,,34.320999145508,-118.38299560547,anonymous,EN,"Refrigerator,Clothes Dryer,Clothes Washer,Water Heater",Refrigerator,Refrigerator,,,4-6 years,,,,,,Yes,,,,,,$101-300,,,,,,31-60 days,,,,,,Yes,,,,,,Recycled it,,,,,,Rent,,Yes,2014,Mostly newer (5 years old or less),Los Angeles Department of Water and Power (LADWP),,,,,,,,,,,You,,21-30 years old,Male,White,"$21,000-$80,000",Bachelor's degree or higher,2,91301,no,AXZ2RM4ANINXM,67444190
2017-10-20 16:31:48,2017-10-20 16:33:09,IP Address,98.248.29.27,100,80,True,2017-10-20 16:33:09,R_1k02H9glO98X6be,,,,,37.193099975586,-121.83639526367,anonymous,EN,"Refrigerator,Clothes Dryer,Clothes Washer,Water Heater","Refrigerator,Clothes Dryer,Clothes Washer",Refrigerator,,,Less than 1 year,,,,,,No,,,,,,More than $300,,,,,,0-30 days,,,,,,Yes,,,,,,,,,,,,Own,,No,,Mostly newer (5 years old or less),Pacific Gas and Electric Company (PG&E),,"Energy Savings Assistance Program,AC Quality Care Program",,,,,,,,,You,,31-40 years old,Male,White,">$160,000",Bachelor's degree or higher,2,95123,,A3774HPOUKYTX7,89793152
2017-10-20 16:33:30,2017-10-20 16:35:19,IP Address,107.146.199.161,100,108,True,2017-10-20 16:35:19,R_1EgMHf31gphLvKq,,,,,35.188003540039,-119.21620178223,anonymous,EN,"Refrigerator,Clothes Dryer,Clothes Washer,Water Heater",Refrigerator,,No,,,,,,,,,,,,,,,,,,,,,,,,,,,,,,,,,,,,,,Rent,,Yes,2016,Mostly older (more than 5 years),Pacific Gas and Electric Company (PG&E),,,,,,,,,,,"Spouse, domestic partner, or roommate",,21-30 years old,Male,White,"$21,000-$80,000",Bachelor's degree or higher,3,93313,,A19ZWBQT8A3LIR,51611141
2017-10-20 16:32:50,2017-10-20 16:37:12,IP Address,47.39.75.63,100,262,True,2017-10-20 16:37:13,R_246Q7k7wzTVGElu,,,,,33.907104492188,-118.07669830322,anonymous,EN,"Refrigerator,Window Air Conditioner,Clothes Dryer,Clothes Washer,Water Heater","Refrigerator,Window Air Conditioner",,Yes,No,,,,,,,,,,,,,,,,,,,,,,,,,,,,,,,,,,,,,Other,Live with homeowner parents,No,,Mostly newer (5 years old or less),Southern California Edison (SCE),,,,,,,,,,,Other,Father,21-30 years old,Female,Hispanic or Latino,"$21,000-$80,000",Bachelor's degree or higher,More than 4,90650,,A2C83L9ODQTRI2,14357000
2017-10-20 16:35:56,2017-10-20 16:39:07,IP Address,98.145.14.65,100,190,True,2017-10-20 16:39:08,R_2sSFtJ0CneptHAX,,,,,32.77360534668,-115.60220336914,anonymous,EN,"Refrigerator,Clothes Dryer,Clothes Washer,Water Heater","Refrigerator,Clothes Dryer,Clothes Washer",Refrigerator,,,1-3 years,,,,,,Yes,,,,,,$51-100,,,,,,0-30 days,,,,,,Yes,,,,,,Sold it,,,,,,Own,,Yes,2011,Mostly newer (5 years old or less),Other,Imperial Irrigation District,,,,,,,,,,You,,41-50 years old,Male,Hispanic or Latino,"$21,000-$80,000",High school graduate or GED,4,92231,,A1CD3C4WYCBVL8,5962759
2017-10-20 16:41:10,2017-10-20 16:42:43,IP Address,129.8.194.15,100,93,True,2017-10-20 16:42:44,R_bgx5TkGbN99GFbz,,,,,36.79670715332,-119.92950439453,anonymous,EN,"Refrigerator,Clothes Dryer,Clothes Washer",Refrigerator,Refrigerator,,,Less than 1 year,,,,,,Yes,,,,,,$51-100,,,,,,0-30 days,,,,,,Yes,,,,,,Recycled it,,,,,,Rent,,No,,Mostly newer (5 years old or less),Pacific Gas and Electric Company (PG&E),,"California Alternate Rates for Energy (CARE),Energy Savings Assistance Program",,7-12 months,,,,,,,"Spouse, domestic partner, or roommate",,21-30 years old,Male,White,"<$20,000",Bachelor's degree or higher,2,93704,,A2FDBFJQ0HCIV8,5995840
2017-10-20 16:41:14,2017-10-20 16:43:33,IP Address,74.87.29.70,100,139,True,2017-10-20 16:43:33,R_1DYxcuoZSwYh96s,,,,,32.901397705078,-117.20790100098,anonymous,EN,"Refrigerator,Clothes Dryer,Clothes Washer,Water Heater","Refrigerator,Clothes Dryer,Clothes Washer","Clothes Dryer,Clothes Washer",,,,,Less than 1 year,Less than 1 year,,,,,No,No,,,,,$50 or less,$50 or less,,,,,31-60 days,31-60 days,,,,,Yes,Yes,,,,,,,,,Own,,No,,Mostly newer (5 years old or less),San Diego Gas & Electric (SDG&E),,,,,,,,"California Alternate Rates for Energy (CARE),Energy Savings Assistance Program",,1-2 years,"Spouse, domestic partner, or roommate",,31-40 years old,Male,Asian,"$21,000-$80,000",Bachelor's degree or higher,4,92121,,AFAHO5G82KVPL,30204663
2017-10-20 16:41:07,2017-10-20 16:43:45,IP Address,170.146.221.73,100,158,True,2017-10-20 16:43:46,R_32PfWfx2BHJy1iC,,,,,40.822204589844,-74.304496765137,anonymous,EN,"Refrigerator,Clothes Dryer,Clothes Washer,Water Heater","Clothes Dryer,Clothes Washer","Clothes Dryer,Clothes Washer",,,,,7-10 years,7-10 years,,,,,No,No,,,,,$50 or less,$50 or less,,,,,31-60 days,31-60 days,,,,,Yes,Yes,,,,,,,,,Own,,No,,Mostly older (more than 5 years),Southern California Edison (SCE),,,,,,,,,,,You,,51-60 years old,Female,White,"$21,000-$80,000",Bachelor's degree or higher,3,91765,no,A32LNVRHDOWZNU,5227543
2017-10-20 16:38:34,2017-10-20 16:44:00,IP Address,47.156.117.45,100,326,True,2017-10-20 16:44:01,R_2TSnL2eYPDL8OFP,,,,,34.097396850586,-117.90730285645,anonymous,EN,"Refrigerator,Window Air Conditioner,Water Heater",Refrigerator,Refrigerator,,,7-10 years,,,,,,No,,,,,,$50 or less,,,,,,0-30 days,,,,,,Yes,,,,,,,,,,,,Rent,,Yes,2014,Mostly older (more than 5 years),Southern California Edison (SCE),,,,,,,,,,,Landlord,,31-40 years old,Female,Black or African American,"<$20,000",High school graduate or GED,1,91722,No.,A34Z3DVUOHC61R,46728028
2017-10-20 16:12:03,2017-10-20 16:45:01,IP Address,98.125.236.141,100,1977,True,2017-10-20 16:45:01,R_3qqBLJJVRQ3zgrt,,,,,47.105392456055,-123.3975982666,anonymous,EN,"Refrigerator,Clothes Dryer,Clothes Washer,Water Heater","Clothes Dryer,Clothes Washer",,No,,,,,,,,,,,,,,,,,,,,,,,,,,,,,,,,,,,,,,Own,,Yes,2017,Mostly newer (5 years old or less),Pacific Gas and Electric Company (PG&E),,California Alternate Rates for Energy (CARE),,7-10 years,,,,,,,You,,31-40 years old,Female,White,"$21,000-$80,000",Bachelor's degree or higher,3,94513,,AYNUK54JG6E2H,85103026
2017-10-20 16:47:41,2017-10-20 16:48:30,IP Address,162.202.119.201,100,48,True,2017-10-20 16:48:30,R_3kh46WJwfyrtzKd,,,,,32.859405517578,-117.20729827881,anonymous,EN,"Refrigerator,Clothes Dryer,Clothes Washer",I did not purchase any of these,,,,,,,,,,,,,,,,,,,,,,,,,,,,,,,,,,,,,,,,Rent,,Yes,2017,Mostly newer (5 years old or less),San Diego Gas & Electric (SDG&E),,,,,,,,,,,You,,21-30 years old,Female,White,"$21,000-$80,000",Bachelor's degree or higher,2,92009,,A27BUSLGNDKIDI,80532223
2017-10-20 16:45:04,2017-10-20 16:51:19,IP Address,173.244.48.126,100,375,True,2017-10-20 16:51:19,R_1jU4CN5r1YQ1DCN,,,,,34.054397583008,-118.2440032959,anonymous,EN,"Refrigerator,Window Air Conditioner,Clothes Dryer,Clothes Washer,Water Heater","Refrigerator,Clothes Dryer,Clothes Washer,Water Heater,Pool pump/motor","Refrigerator,Clothes Dryer,Clothes Washer",,,7-10 years,,7-10 years,7-10 years,,,Yes,,Yes,Yes,,,$101-300,,$101-300,$101-300,,,31-60 days,,31-60 days,31-60 days,,,Yes,,Yes,Yes,,,Kept it,,Kept it,Kept it,,,Own,,Yes,2010,Mostly older (more than 5 years),Southern California Edison (SCE),,,,,,,,,,,Other,Parent,21-30 years old,Female,"White,Hispanic or Latino,Asian","$21,000-$80,000",Some college,2,90810,,A230GPTWWF3SE7,35850012
2017-10-20 16:48:46,2017-10-20 16:52:58,IP Address,174.222.0.146,100,251,True,2017-10-20 16:52:58,R_3rYTz3P0vb92CXh,,,,,37.751007080078,-97.821998596191,anonymous,EN,"Refrigerator,Window Air Conditioner,Clothes Washer,Water Heater","Refrigerator,Clothes Washer,Water Heater",Refrigerator,,,4-6 years,,,,,,Yes,,,,,,More than $300,,,,,,0-30 days,,,,,,Yes,,,,,,Recycled it,,,,,,Own,,No,,Mostly older (more than 5 years),Pacific Gas and Electric Company (PG&E),,,,,,,,,,,"Spouse, domestic partner, or roommate",,21-30 years old,Male,White,"$21,000-$80,000",Some college,More than 4,95916,,A1A2UPHORL3698,23849114
2017-10-20 16:50:57,2017-10-20 16:53:53,IP Address,67.161.32.247,100,176,True,2017-10-20 16:53:53,R_21dl8fGwzQ0EnQx,,,,,37.567092895508,-122.37100219727,anonymous,EN,Refrigerator,I did not purchase any of these,,,,,,,,,,,,,,,,,,,,,,,,,,,,,,,,,,,,,,,,Rent,,Yes,2013,Mostly older (more than 5 years),Pacific Gas and Electric Company (PG&E),,California Alternate Rates for Energy (CARE),,1-2 years,,,,,,,"Spouse, domestic partner, or roommate",,31-40 years old,Female,White,"$21,000-$80,000",Bachelor's degree or higher,3,94016,No,A2EFC625UP735,53406283
2017-10-20 17:04:12,2017-10-20 17:07:31,IP Address,128.177.102.129,100,198,True,2017-10-20 17:07:31,R_8618qj8QrYCirbH,,,,,34.100601196289,-118.32749938965,anonymous,EN,"Refrigerator,Window Air Conditioner,Clothes Dryer,Clothes Washer,Water Heater","Refrigerator,Clothes Dryer,Clothes Washer",Refrigerator,,,Less than 1 year,,,,,,Yes,,,,,,$101-300,,,,,,31-60 days,,,,,,Yes,,,,,,Recycled it,,,,,,Own,,Yes,,Mostly newer (5 years old or less),Los Angeles Department of Water and Power (LADWP),,,,,,,,,,,You,,31-40 years old,Male,Hispanic or Latino,"$21,000-$80,000",Bachelor's degree or higher,1,90026,Not at this time,A2S00V7RUU121E,82465786
2017-10-20 17:07:55,2017-10-20 17:11:26,IP Address,104.181.143.222,100,211,True,2017-10-20 17:11:26,R_PMbsCS5y3NjmhsB,,,,,34.088104248047,-117.46479797363,anonymous,EN,"Refrigerator,Window Air Conditioner,Clothes Dryer,Clothes Washer,Water Heater,Pool pump/motor","Refrigerator,Window Air Conditioner,Clothes Dryer,Clothes Washer,Water Heater",Water Heater,,,,,,,7-10 years,,,,,,No,,,,,,Don't remember,,,,,,Don't remember,,,,,,Yes,,,,,,,,Own,,No,,Mostly newer (5 years old or less),Southern California Edison (SCE),,,,,Energy Upgrade California Home Upgrade,,,,,,"Spouse, domestic partner, or roommate",,21-30 years old,Female,Hispanic or Latino,"$81,000-$160,000","More than 8th grade, but not a high school graduate",More than 4,92377,none,A1A6UVH1CCP8CD,33745417
2017-10-20 17:10:29,2017-10-20 17:14:20,IP Address,172.112.206.174,100,231,True,2017-10-20 17:14:21,R_57IaxM1tSLd9Ctb,,,,,33.710998535156,-118.043800354,anonymous,EN,"Refrigerator,Clothes Dryer,Clothes Washer,Water Heater","Refrigerator,Clothes Dryer,Clothes Washer","Clothes Dryer,Clothes Washer",,,,,1-3 years,1-3 years,,,,,Yes,Yes,,,,,$101-300,$101-300,,,,,0-30 days,0-30 days,,,,,Yes,Yes,,,,,Sold it,Sold it,,,Own,,Yes,2014,Mostly newer (5 years old or less),Southern California Edison (SCE),,,,,"Energy Savings Assistance Program,Energy Upgrade California Home Upgrade",,,,,,You,,21-30 years old,Male,Asian,">$160,000",Bachelor's degree or higher,4,92647,Survey went smoothly.,AMDX0UNZS4A1G,37680842
2017-10-20 17:12:52,2017-10-20 17:15:57,IP Address,205.154.246.79,100,185,True,2017-10-20 17:15:57,R_2rrwq4ijtHew7yz,,,,,33.781600952148,-118.18589782715,anonymous,EN,"Refrigerator,Clothes Dryer,Clothes Washer,Water Heater","Refrigerator,Window Air Conditioner,Water Heater",,Yes,I thought it might be too much of a hassle or that my income would disqualify me.,,,,,,,,,,,,,,,,,,,,,,,,,,,,,,,,,,,,,Rent,,Yes,2016,Mostly newer (5 years old or less),Southern California Edison (SCE),,,,,Other,,,,,,You,,41-50 years old,Male,White,"$81,000-$160,000",Bachelor's degree or higher,2,90813,I did not experience any technical difficulties. The instructions were clear.,AKP8JDWC6AXQ9,18865986
2017-10-20 17:11:31,2017-10-20 17:17:16,IP Address,138.23.134.245,100,344,True,2017-10-20 17:17:16,R_21hTVFhlgcmZvMu,,,,,33.752899169922,-116.05560302734,anonymous,EN,"Refrigerator,Clothes Dryer,Clothes Washer",I did not purchase any of these,,,,,,,,,,,,,,,,,,,,,,,,,,,,,,,,,,,,,,,,Rent,,No,,Mostly older (more than 5 years),Southern California Edison (SCE),,,,,Other,,,,,,You,,21-30 years old,Male,Asian,"$21,000-$80,000",Bachelor's degree or higher,2,92888,,A2XSD1WTLSVW1O,8942663
2017-10-20 17:18:48,2017-10-20 17:26:01,IP Address,142.129.109.174,100,432,True,2017-10-20 17:26:01,R_217ynfz30lKbcD3,,,,,34.076400756836,-118.26260375977,anonymous,EN,"Refrigerator,Window Air Conditioner",Window Air Conditioner,Window Air Conditioner,,,,1-3 years,,,,,,Yes,,,,,,$101-300,,,,,,31-60 days,,,,,,Yes,,,,,,Kept it,,,,,Rent,,Yes,,Mostly newer (5 years old or less),Los Angeles Department of Water and Power (LADWP),,,,,,,,,,,"Spouse, domestic partner, or roommate",,31-40 years old,Female,Black or African American,"$21,000-$80,000",Bachelor's degree or higher,1,90026,,AH31QLJ57XC8W,56494308
2017-10-20 17:22:45,2017-10-20 17:27:13,IP Address,66.74.57.89,100,268,True,2017-10-20 17:27:13,R_3gMVUAkefTbnjFZ,,,,,34.153701782227,-116.41889953613,anonymous,EN,"Refrigerator,Window Air Conditioner,Clothes Washer,Water Heater","Refrigerator,Clothes Washer",,Yes,I wasn't sure how to fill out the forms and send them.,,,,,,,,,,,,,,,,,,,,,,,,,,,,,,,,,,,,,Own,,No,,Mostly older (more than 5 years),Southern California Edison (SCE),,,,,California Alternate Rates for Energy (CARE),,7-10 years,,,,You,,41-50 years old,Female,White,"<$20,000",Some college,2,92252,Thank You.,A32IRN8APZMCQ2,877553
2017-10-20 17:32:05,2017-10-20 17:35:09,IP Address,75.140.28.114,100,184,True,2017-10-20 17:35:10,R_10xefDOsH24IAWh,,,,,33.793395996094,-118.12120056152,anonymous,EN,"Refrigerator,Clothes Dryer,Clothes Washer","Refrigerator,Clothes Dryer,Clothes Washer",Refrigerator,,,4-6 years,,,,,,Yes,,,,,,$51-100,,,,,,0-30 days,,,,,,Yes,,,,,,Recycled it,,,,,,Rent,,Yes,2013,Mostly older (more than 5 years),Southern California Edison (SCE),,,,,California Alternate Rates for Energy (CARE),,5-6 years,,,,You,,31-40 years old,Female,"White,Hispanic or Latino","$21,000-$80,000",Some college,3,90804,,A1C3BA8YM85B4Q,34574303
2017-10-20 17:37:45,2017-10-20 17:41:02,IP Address,108.185.91.92,100,197,True,2017-10-20 17:41:02,R_1GIBecmE59ZjmhT,,,,,33.923095703125,-118.13960266113,anonymous,EN,"Refrigerator,Window Air Conditioner,Clothes Dryer,Clothes Washer,Water Heater","Refrigerator,Window Air Conditioner",Refrigerator,,,7-10 years,,,,,,Yes,,,,,,$51-100,,,,,,0-30 days,,,,,,Yes,,,,,,Recycled it,,,,,,Own,,No,,Mostly older (more than 5 years),Southern California Edison (SCE),,,,,Other,,,,,,You,,31-40 years old,Male,Asian,"$21,000-$80,000",Bachelor's degree or higher,More than 4,91733,"Thank you for the chance to participate. ",A2MUCL20GTQJA0,63373320
2017-10-20 17:44:19,2017-10-20 17:46:11,IP Address,67.183.210.112,100,112,True,2017-10-20 17:46:11,R_O0sv5mQUtOmNOQp,,,,,47.940200805664,-122.00619506836,anonymous,EN,"Refrigerator,Clothes Dryer,Clothes Washer,Water Heater","Refrigerator,Clothes Dryer,Clothes Washer,Water Heater","Refrigerator,Clothes Dryer,Clothes Washer",,,1-3 years,,1-3 years,4-6 years,,,Yes,,Yes,Yes,,,$51-100,,$50 or less,$50 or less,,,31-60 days,,31-60 days,31-60 days,,,Yes,,Yes,Yes,,,Recycled it,,Recycled it,Recycled it,,,Rent,,Yes,2016,Mostly newer (5 years old or less),Pacific Gas and Electric Company (PG&E),,California Alternate Rates for Energy (CARE),,1-2 years,,,,,,,You,,21-30 years old,Male,White,"$21,000-$80,000",Some college,2,95360,,A1M0JDU08KRH7X,33375265
2017-10-20 17:44:44,2017-10-20 17:46:54,IP Address,67.183.210.112,100,129,True,2017-10-20 17:46:54,R_2s0hImDxAwRPAzf,,,,,47.940200805664,-122.00619506836,anonymous,EN,"Refrigerator,Clothes Dryer,Clothes Washer","Refrigerator,Clothes Dryer,Clothes Washer",Refrigerator,,,1-3 years,,,,,,Yes,,,,,,$51-100,,,,,,31-60 days,,,,,,Yes,,,,,,Recycled it,,,,,,Rent,,Yes,2014,Mostly newer (5 years old or less),Pacific Gas and Electric Company (PG&E),,California Alternate Rates for Energy (CARE),,7-12 months,,,,,,,You,,21-30 years old,Male,White,"$21,000-$80,000",High school graduate or GED,2,,,APHNYDGTCRN3O,25204428
2017-10-20 17:44:51,2017-10-20 17:48:26,IP Address,107.128.41.217,100,214,True,2017-10-20 17:48:26,R_WukD0FWkuhIVgfn,,,,,34.137893676758,-118.1296005249,anonymous,EN,"Refrigerator,Window Air Conditioner,Clothes Washer,Water Heater",I did not purchase any of these,,,,,,,,,,,,,,,,,,,,,,,,,,,,,,,,,,,,,,,,Rent,,No,,Mostly newer (5 years old or less),Other,Pasadena Water & Power,,,,,,,,,,Other,My mother,31-40 years old,Female,"White,Black or African American,American Indian or Alaska Native","<$20,000",Some college,2,91106,Great survey!,A2DZKARWHTWC99,56983705
2017-10-20 17:48:41,2017-10-20 17:50:07,IP Address,67.183.210.112,100,85,True,2017-10-20 17:50:08,R_6g2fs4lcRda9vfX,,,,,47.940200805664,-122.00619506836,anonymous,EN,"Refrigerator,Clothes Dryer,Clothes Washer","Refrigerator,Clothes Dryer,Clothes Washer",Refrigerator,,,1-3 years,,,,,,Yes,,,,,,$51-100,,,,,,31-60 days,,,,,,Yes,,,,,,Recycled it,,,,,,Rent,,Yes,2014,Mostly newer (5 years old or less),San Diego Gas & Electric (SDG&E),,,,,,,,California Alternate Rates for Energy (CARE),,7-12 months,You,,21-30 years old,Male,White,"$21,000-$80,000",High school graduate or GED,2,92026,,A1C6NTK19FBQO0,50331372
2017-10-20 17:52:12,2017-10-20 17:54:03,IP Address,67.183.210.112,100,111,True,2017-10-20 17:54:04,R_6lpV8ZGpOItHYXv,,,,,47.940200805664,-122.00619506836,anonymous,EN,"Refrigerator,Clothes Dryer,Clothes Washer","Refrigerator,Clothes Dryer,Clothes Washer",Refrigerator,,,1-3 years,,,,,,Yes,,,,,,$51-100,,,,,,31-60 days,,,,,,Yes,,,,,,Recycled it,,,,,,Rent,,Yes,2015,Mostly newer (5 years old or less),Pacific Gas and Electric Company (PG&E),,California Alternate Rates for Energy (CARE),,3-4 years,,,,,,,You,,21-30 years old,Male,White,"$81,000-$160,000",Some college,2,,,A1V3FV89RVGASD,71760773
2017-10-20 17:52:10,2017-10-20 17:54:26,IP Address,67.183.210.112,100,135,True,2017-10-20 17:54:27,R_2S2hC5PPISJlp2s,,,,,47.940200805664,-122.00619506836,anonymous,EN,"Refrigerator,Clothes Dryer,Clothes Washer","Refrigerator,Clothes Dryer,Clothes Washer",Refrigerator,,,1-3 years,,,,,,Yes,,,,,,$101-300,,,,,,31-60 days,,,,,,Yes,,,,,,Recycled it,,,,,,Rent,,Yes,2015,Mostly newer (5 years old or less),San Diego Gas & Electric (SDG&E),,,,,,,,California Alternate Rates for Energy (CARE),,1-6 months,You,,21-30 years old,Male,White,"$21,000-$80,000",Some college,2,92025,,A3QDFV8LK9A1HX,87099057
2017-10-20 17:55:28,2017-10-20 17:56:56,IP Address,67.183.210.112,100,88,True,2017-10-20 17:56:57,R_UuUfR0pkJxzSEp3,,,,,47.940200805664,-122.00619506836,anonymous,EN,"Refrigerator,Clothes Dryer,Clothes Washer","Refrigerator,Clothes Dryer,Clothes Washer",Refrigerator,,,1-3 years,,,,,,Yes,,,,,,$51-100,,,,,,31-60 days,,,,,,Yes,,,,,,Recycled it,,,,,,Rent,,Yes,2015,Mostly newer (5 years old or less),San Diego Gas & Electric (SDG&E),,,,,,,,,,,You,,21-30 years old,Male,White,"$21,000-$80,000",Some college,2,92069,,A2ID4B3JMUWAP7,79288472
2017-10-20 17:02:05,2017-10-20 17:59:09,IP Address,124.104.58.223,100,3424,True,2017-10-20 17:59:10,R_Oe3xGi4Pc4tNkYN,,,,,14.580001831055,121.1169128418,anonymous,EN,"Refrigerator,Clothes Dryer,Clothes Washer,Water Heater","Refrigerator,Clothes Dryer,Clothes Washer",Refrigerator,,,1-3 years,,,,,,Yes,,,,,,$50 or less,,,,,,31-60 days,,,,,,Yes,,,,,,Recycled it,,,,,,Own,,Yes,2007,Mostly older (more than 5 years),Southern California Edison (SCE),,,,,Energy Savings Assistance Program,,,,,,You,,21-30 years old,Male,White,"$21,000-$80,000",Some college,3,91789,thanks,A3KCZB9IL6CVH,52265101
2017-10-20 18:05:00,2017-10-20 18:08:53,IP Address,73.116.60.25,100,233,True,2017-10-20 18:08:54,R_3NVOrnZK2CQrKCy,,,,,38.668106079102,-121.37359619141,anonymous,EN,"Refrigerator,Window Air Conditioner,Clothes Dryer,Clothes Washer,Water Heater","Refrigerator,Window Air Conditioner,Clothes Dryer,Clothes Washer",Window Air Conditioner,,,,Less than 1 year,,,,,,No,,,,,,$51-100,,,,,,0-30 days,,,,,,Yes,,,,,,,,,,,Own,,No,,Mostly older (more than 5 years),Sacramento Municipal Utility District (SMUD),,,,,,,,,,,You,,31-40 years old,Male,White,"$21,000-$80,000",Bachelor's degree or higher,1,95660,I have no further comments about this survey.,A23437BMZ5T1FH,21290311
2017-10-20 18:30:39,2017-10-20 18:32:23,IP Address,198.72.247.247,100,104,True,2017-10-20 18:32:24,R_1OuwhaG1hyavzYj,,,,,34.085296630859,-117.96089935303,anonymous,EN,"Clothes Dryer,Water Heater","Refrigerator,Window Air Conditioner",Window Air Conditioner,,,,4-6 years,,,,,,Yes,,,,,,$101-300,,,,,,31-60 days,,,,,,No,,,,,,Scrapped it,,,,,Own,,No,,Mostly older (more than 5 years),San Diego Gas & Electric (SDG&E),,,,,,,,California Alternate Rates for Energy (CARE),,3-4 years,"Spouse, domestic partner, or roommate",,21-30 years old,Female,"White,Asian","$21,000-$80,000",Some college,2,91706,,A2QMHQXR8K4VJ2,63562115
2017-10-20 18:55:15,2017-10-20 18:57:51,IP Address,158.68.232.230,100,155,True,2017-10-20 18:57:51,R_3PAhc3wj8VSl3Rr,,,,,35.058502197266,-106.62359619141,anonymous,EN,"Refrigerator,Window Air Conditioner,Clothes Dryer,Clothes Washer,Water Heater","Refrigerator,Window Air Conditioner,Clothes Dryer,Clothes Washer,Water Heater",Refrigerator,,,1-3 years,,,,,,Yes,,,,,,$101-300,,,,,,0-30 days,,,,,,Yes,,,,,,Recycled it,,,,,,Own,,Yes,2015,Mostly newer (5 years old or less),Pacific Gas and Electric Company (PG&E),,,,,,,,,,,You,,31-40 years old,Male,White,"$81,000-$160,000",Bachelor's degree or higher,More than 4,95843,thanks!,A35NEL9WYU3VG8,88780855
2017-10-20 17:01:02,2017-10-20 19:49:12,IP Address,177.239.30.3,100,10090,True,2017-10-20 19:49:13,R_bPbKiYRQtSGGtBn,,,,,32.651901245117,-115.46829986572,anonymous,EN,"Refrigerator,Clothes Washer,Water Heater",Window Air Conditioner,Window Air Conditioner,,,,Less than 1 year,,,,,,Yes,,,,,,$51-100,,,,,,31-60 days,,,,,,Yes,,,,,,Scrapped it,,,,,Own,,No,,Mostly newer (5 years old or less),Los Angeles Department of Water and Power (LADWP),,,,,,,,,,,You,,31-40 years old,Male,White,"$21,000-$80,000",Bachelor's degree or higher,2,90001,,A25SGBOJZLYBJO,61170308
2017-10-20 19:52:44,2017-10-20 19:58:46,IP Address,162.196.59.44,100,361,True,2017-10-20 19:58:46,R_3nUxRNFGQ3epf4O,,,,,34.179306030273,-118.43199920654,anonymous,EN,"Refrigerator,Window Air Conditioner,Water Heater",Refrigerator,,Yes,I never really got to it. So many things going on at the time of the purchase.,,,,,,,,,,,,,,,,,,,,,,,,,,,,,,,,,,,,,Rent,,Yes,2013,Mostly newer (5 years old or less),Southern California Edison (SCE),,,,,,,,,,,You,,31-40 years old,Male,Hispanic or Latino,"$21,000-$80,000",Some college,4,91401,Thanks.,A39KHMYFO61LKN,7750034
2017-10-20 19:59:39,2017-10-20 20:02:03,IP Address,108.246.220.15,100,144,True,2017-10-20 20:02:04,R_1Gw7FKc8rQdvhPd,,,,,33.926895141602,-117.86119842529,anonymous,EN,"Refrigerator,Window Air Conditioner,Clothes Dryer,Clothes Washer,Water Heater","Refrigerator,Clothes Washer",Refrigerator,,,Less than 1 year,,,,,,No,,,,,,$50 or less,,,,,,0-30 days,,,,,,Yes,,,,,,,,,,,,Own,,No,,Mostly older (more than 5 years),Southern California Edison (SCE),,,,,,,,,,,You,,41-50 years old,Male,White,"$21,000-$80,000",Bachelor's degree or higher,Prefer not to answer,92822,survey worked fine,A3TN3GQAO61BVB,16812402
2017-10-20 20:36:25,2017-10-20 20:40:39,IP Address,73.241.184.196,100,254,True,2017-10-20 20:40:40,R_2QxigIIPariCPBu,,,,,38.024002075195,-122.54000091553,anonymous,EN,"Refrigerator,Clothes Dryer,Clothes Washer,Water Heater","Clothes Dryer,Clothes Washer","Clothes Dryer,Clothes Washer",,,,,1-3 years,1-3 years,,,,,No,No,,,,,$50 or less,$50 or less,,,,,0-30 days,0-30 days,,,,,Yes,Yes,,,,,,,,,Own,,Yes,2015,Mostly newer (5 years old or less),Pacific Gas and Electric Company (PG&E),,Energy Savings Assistance Program,,,,,,,,,You,,31-40 years old,Female,White,">$160,000",Bachelor's degree or higher,3,94903,Thanks for survey!,ASHABZG2VI0KN,94575720
2017-10-20 21:44:43,2017-10-20 23:26:51,IP Address,117.206.105.165,100,6128,True,2017-10-20 23:26:52,R_ykJ9QioMMBnWwEx,,,,,11.350006103516,77.733306884766,anonymous,EN,"Refrigerator,Window Air Conditioner,Clothes Dryer,Clothes Washer,Water Heater","Refrigerator,Window Air Conditioner,Clothes Dryer,Clothes Washer,Water Heater","Refrigerator,Window Air Conditioner",,,Less than 1 year,Less than 1 year,,,,,Yes,Yes,,,,,$101-300,More than $300,,,,,0-30 days,>60 days,,,,,No,No,,,,,Scrapped it,Recycled it,,,,,Rent,,No,,Mostly newer (5 years old or less),Southern California Edison (SCE),,,,,Family Electric Rate Assistance (FERA),,,,,,You,,31-40 years old,Male,White,"$21,000-$80,000",Bachelor's degree or higher,3,94102,No,A2XLTGDI5Q0VD,18981863
